<?xml version="1.0" encoding="UTF-8"?>
<!DOCTYPE mapper
        PUBLIC "-//mybatis.org//DTD Mapper 3.0//EN"
        "http://mybatis.org/dtd/mybatis-3-mapper.dtd">

<mapper namespace="com.ihomefnt.push.dao.DataPresetDao">

    <resultMap id="pushTemplateMap" type="com.ihomefnt.push.domain.po.DataPresetPo">
        <id property="id" column="id" />
        <result property="userId" column="user_id" />
        <result property="orderId" column="order_id" />
        <result property="taskId" column="task_id"/>
        <result property="orderStatus" column="order_status" />
        <result property="orderSubstatus" column="order_substatus"/>
        <result property="registerTime" column="register_time" />
        <result property="buildingTime" column="building_time" />
        <result property="firstFundTime" column="first_fund_time"/>
        <result property="finalFundTime" column="final_fund_time" />
        <result property="finalTime" column="final_time" />

        <result property="solutionTime" column="solution_time"/>
        <result property="taskTime" column="task_time" />
        <result property="loanId" column="loan_id"/>
        <result property="gradeId" column="grade_id" />
        <result property="status" column="status"/>
        <result property="layoutId" column="layout_id"/>
        <result property="loanSolutionId" column="loan_solution_id"/>
        <result property="buildingId" column="building_id"/>

    </resultMap>

    <select id="countDataPresetRecords" resultType="Integer">
      select count(1) from t_data_preset_temp where status = 0
    </select>
    <select id="queryDataPresetRecordsPage" resultMap="pushTemplateMap">
      select id,user_id,order_id,task_id,order_status,order_substatus,
        register_time,building_time,first_fund_time,final_fund_time,final_time,solution_time,
        task_time,loan_id,grade_id,status,layout_id,loan_solution_id,building_id
      from t_data_preset_temp where status = 0
      limit #{from}, #{pageSize}
    </select>
    <update id="updateById" parameterType="Integer">
        update t_data_preset_temp set status = 1 where id = #{id}
    </update>

    <update id="batchUpdateByIds" parameterType="java.util.List">
        update t_data_preset_temp set status = 1 where id in
        <foreach collection="list" index="index" item="item"
                 separator="," open="(" close=")">
            #{item}
        </foreach>
    </update>

</mapper>

