<?xml version="1.0" encoding="UTF-8"?>
<!DOCTYPE mapper
        PUBLIC "-//mybatis.org//DTD Mapper 3.0//EN"
        "http://mybatis.org/dtd/mybatis-3-mapper.dtd">

<mapper namespace="com.ihomefnt.push.dao.MessageRecordDao">

    <resultMap id="messageRecordMap" type="com.ihomefnt.push.domain.po.MessageRecordPo">
        <id property="id" column="id" />
        <result property="userId" column="user_id" />
        <result property="orderId" column="order_id" />

        <result property="triggerNodeName" column="trigger_node_name" />
        <result property="messageNum" column="message_num" />
        <result property="sortNo" column="sort_no" />

        <result property="platform" column="platform" />
        <result property="pushTarget" column="push_target" />
        <result property="tags" column="tags" />
        <result property="alias" column="alias" />
        <result property="pushType" column="push_type"/>
        <result property="title" column="title" />
        <result property="subTitle" column="sub_title"/>
        <result property="content" column="content" />
        <result property="subContent" column="sub_content" />

        <result property="img" column="img"/>
        <result property="cardType" column="card_type"/>
        <result property="cardImgs" column="card_imgs"/>
        <result property="openUrl" column="open_url"/>
        <result property="hasRead" column="has_read"/>
        <result property="isPushTop" column="is_push_top"/>
        <result property="pushStatus" column="push_status"/>

        <result property="errorMsg" column="error_msg"/>
        <result property="pushTime" column="push_time"/>
        <result property="delFlag" column="del_flag"/>
        <result property="createTime" column="create_time" />
        <result property="updateTime" column="update_time" />
    </resultMap>

    <select id="queryMessageRecord" parameterType="String" resultMap="messageRecordMap">
        select id ,user_id, order_id, trigger_node_name, message_num, sort_no, platform, push_target, tags, alias, push_type,
          title, sub_title, content,sub_content,img,card_type, card_imgs,open_url,has_read,is_push_top,
          push_status, error_msg, push_time, del_flag, create_time, update_time
         from t_message_record
         where trigger_node_name=#{triggerNodeName}
          and del_flag = 0
    </select>
    <select id="queryMessageRecordFlow" parameterType="Map" resultMap="messageRecordMap">
        select id ,user_id, order_id, trigger_node_name, message_num, sort_no, platform, push_target, tags, alias, push_type,
          title, sub_title, content,sub_content,img,card_type, card_imgs,open_url,has_read,is_push_top,
          push_status, error_msg, push_time, del_flag, create_time, update_time
         from t_message_record
         where del_flag = 0
        <if test='userId != null and userId != 0'>
            and user_id = #{userId}
        </if>
        <if test='orderId != null and orderId != 0'>
            and (order_id = #{orderId} or order_id = 0)
        </if>
        order by create_time desc, sort_no desc
        limit #{from},#{pageSize}
    </select>
    <select id="countMessageRecordFlow" parameterType="Map" resultType="Integer">
        select count(1)
        from t_message_record
        where del_flag = 0
        <if test='userId != null and userId != 0'>
            and user_id = #{userId}
        </if>
        <if test='orderId != null and orderId != 0'>
            and (order_id = #{orderId} or order_id = 0)
        </if>
    </select>


    <insert id="saveMessageRecord" parameterType="com.ihomefnt.push.domain.po.MessageRecordPo"
            useGeneratedKeys="true" keyProperty="id">
        insert into t_message_record
        <trim prefix="(" suffix=")" suffixOverrides="," >
            user_id,order_id,trigger_node_name,
            <if test='messageNum != null'>
                message_num,
            </if>
            <if test='sortNo != null'>
                sort_no,
            </if>
            <if test='platform != null and platform != "" '>
                platform,
            </if>
            <if test='pushTarget != null and pushTarget != "" '>
                push_target,
            </if>
            <if test='tags != null and tags != "" '>
                tags,
            </if>
            <if test='alias != null and alias != "" '>
                alias,
            </if>
            <if test='pushType != null and pushType != "" '>
                push_type,
            </if>
            <if test='title != null and title != "" '>
                title,
            </if>
            <if test='subTitle != null and subTitle != "" '>
                sub_title,
            </if>
            <if test='content != null and content != "" '>
                content,
            </if>
            <if test='subContent != null and subContent != "" '>
                sub_content,
            </if>
            <if test='img != null and img != "" '>
                img,
            </if>
            <if test='cardType != null'>
                card_type,
            </if>
            <if test='cardImgs != null and cardImgs != "" '>
                card_imgs,
            </if>
            <if test='openUrl != null and openUrl != "" '>
                open_url,
            </if>
            <if test='hasRead != null'>
                has_read,
            </if>
            <if test='isPushTop != null'>
                is_push_top,
            </if>
            <if test='pushStatus != null'>
                push_status,
            </if>
            <if test='errorMsg != null and errorMsg != "" '>
                error_msg,
            </if>
            <if test='pushTime != null'>
                push_time,
            </if>
        </trim>
        values
        <trim prefix=" (" suffix=")" suffixOverrides="," >
            #{userId}, #{orderId}, #{triggerNodeName},
            <if test='messageNum != null'>
                #{messageNum},
            </if>
            <if test='sortNo != null'>
                #{sortNo},
            </if>
            <if test='platform != null and platform != "" '>
                #{platform},
            </if>
            <if test='pushTarget != null and pushTarget != "" '>
                #{pushTarget},
            </if>
            <if test='tags != null and tags != "" '>
                #{tags},
            </if>
            <if test='alias != null and alias != "" '>
                #{alias},
            </if>
            <if test='pushType != null and pushType != "" '>
                #{pushType},
            </if>
            <if test='title != null and title != "" '>
                #{title},
            </if>
            <if test='subTitle != null and subTitle != "" '>
                #{subTitle},
            </if>
            <if test='content != null and content != "" '>
                #{content},
            </if>
            <if test='subContent != null and subContent != "" '>
                #{subContent},
            </if>
            <if test='img != null and img != "" '>
                #{img},
            </if>
            <if test='cardType != null'>
                #{cardType},
            </if>
            <if test='cardImgs != null and cardImgs != "" '>
                #{cardImgs},
            </if>
            <if test='openUrl != null and openUrl != "" '>
                #{openUrl},
            </if>
            <if test='hasRead != null'>
                #{hasRead},
            </if>
            <if test='isPushTop != null'>
                #{isPushTop},
            </if>
            <if test='pushStatus != null'>
                #{pushStatus},
            </if>
            <if test='errorMsg != null and errorMsg != "" '>
                #{errorMsg},
            </if>
            <if test='pushTime != null'>
                #{pushTime},
            </if>
        </trim>
        <selectKey keyProperty="id" order="AFTER" resultType="java.lang.Integer">
            SELECT LAST_INSERT_ID()
        </selectKey>
    </insert>
    <insert id="batchSaveMessageRecord" parameterType="java.util.List">
        insert into t_message_record
        (user_id, order_id, trigger_node_name, message_num,sort_no, platform, push_target, tags, alias, push_type,
        title, sub_title, content,sub_content,img,card_type, card_imgs,open_url,has_read,is_push_top,
        push_status, error_msg, push_time)
        VALUES
        <foreach collection="list" item="item" index="index" separator=",">
            (#{item.userId}, #{item.orderId}, #{item.triggerNodeName}, #{item.messageNum}, #{item.sortNo}, #{item.platform},
            #{item.pushTarget}, #{item.tags}, #{item.alias}, #{item.pushType},
            #{item.title},#{item.subTitle},#{item.content},#{item.subContent},#{item.img},#{item.cardType},#{item.cardImgs},#{item.openUrl},
            #{item.hasRead},#{item.isPushTop},#{item.pushStatus},#{item.errorMsg},#{item.pushTime})
        </foreach>
    </insert>
    <update id="updateMessageRecordStatus" parameterType="map">
        update t_message_record
        set trigger_node_name = #{triggerNodeName}
        where id = #{id}
          and del_flag = 0
    </update>
    <update id="updateOpenUrlByOrderAndMsgNum">
        update t_message_record
        set open_url = '${openUrl}'
        where
          order_id = ${orderId}
          and user_id = ${userId}
          and message_num = ${messageNum}
          and del_flag = 0
    </update>

    <select id="queryMessageCount" parameterType="Map" resultType="Integer">
        SELECT count(1) from t_message_record
        where
        trigger_node_name=#{triggerNodeName}
        and user_id = #{userId}
        and order_id = #{orderId}
        and del_flag = 0
    </select>

    <select id="queryMessageRecordByNode" parameterType="Map" resultMap="messageRecordMap">
        SELECT id,open_url from t_message_record
        where
        user_id = #{userId}
        and order_id = #{orderId}
        and trigger_node_name=#{triggerNodeName}
        and del_flag = 0
    </select>

    <update id="deleteMessageRecordByIds" parameterType="java.util.List">
        update t_message_record
        set del_flag = 1
        where id in
        <foreach collection="list" index="index" item="item"
                 separator="," open="(" close=")">
            #{item}
        </foreach>
    </update>
</mapper>