<?xml version="1.0" encoding="UTF-8"?>
<!DOCTYPE mapper
        PUBLIC "-//mybatis.org//DTD Mapper 3.0//EN"
        "http://mybatis.org/dtd/mybatis-3-mapper.dtd">

<mapper namespace="com.ihomefnt.push.dao.OriginalMessageDao">

    <resultMap id="pushTemplateMap" type="com.ihomefnt.push.domain.po.OriginalMessagePo">
        <id property="id" column="id" />
        <result property="triggerNodeName" column="trigger_node_name" />
        <result property="source" column="source" />
        <result property="messageInfo" column="message_info" />
        <result property="status" column="status"/>
        <result property="delFlag" column="del_flag"/>
        <result property="createTime" column="create_time" />
        <result property="updateTime" column="update_time" />
    </resultMap>

    <insert id="saveOriginalMessagePo" parameterType="com.ihomefnt.push.domain.po.OriginalMessagePo"
            useGeneratedKeys="true" keyProperty="id">
        insert into t_original_message (trigger_node_name, source, message_info, status)
        values (#{triggerNodeName}, #{source}, #{messageInfo}, #{status})
    </insert>

    <update id="deleteOriginalMessagePoById" parameterType="Integer">
        update t_original_message set del_flag = 1
        where del_flag = 0 and id = #{id}
    </update>
    <update id="updateOriginalMessageStatusById" parameterType="Map">
        update t_original_message set status = #{status}
        where del_flag = 0 and id = #{id}
    </update>

</mapper>