<?xml version="1.0" encoding="UTF-8"?>
<!DOCTYPE mapper
        PUBLIC "-//mybatis.org//DTD Mapper 3.0//EN"
        "http://mybatis.org/dtd/mybatis-3-mapper.dtd">

<mapper namespace="com.ihomefnt.push.dao.PushTemplateDao">

    <resultMap id="pushTemplateMap" type="com.ihomefnt.push.domain.po.PushTemplatePo">
        <id property="id" column="id" />
        <result property="triggerNodeName" column="trigger_node_name" />
        <result property="messageNum" column="message_num" />
        <result property="sortNo" column="sort_no" />

        <result property="minVersion" column="min_version" />
        <result property="platform" column="platform" />
        <result property="pushTarget" column="push_target" />
        <result property="tags" column="tags" />
        <result property="alias" column="alias" />
        <result property="pushType" column="push_type"/>
        <result property="title" column="title" />
        <result property="subTitle" column="sub_title"/>
        <result property="content" column="content" />
        <result property="subContent" column="sub_content" />
        <result property="cardType" column="card_type"/>
        <result property="cardImgs" column="card_imgs"/>
        <result property="openUrl" column="open_url"/>
        <result property="refreshType" column="refresh_type"/>
        <result property="hasRead" column="has_read"/>
        <result property="isPushTop" column="is_push_top"/>
        <result property="isRepeat" column="is_repeat"/>
        <result property="img" column="img"/>
        <result property="delFlag" column="del_flag"/>
        <result property="createTime" column="create_time" />
        <result property="updateTime" column="update_time" />
    </resultMap>

    <select id="queryByTriggerNodeName" parameterType="Map" resultMap="pushTemplateMap">
        select id,trigger_node_name,message_num,sort_no,min_version,platform,push_target,tags,alias,push_type,title,sub_title,
             content,sub_content,card_type,card_imgs,open_url,refresh_type,has_read,is_push_top,is_repeat,img,del_flag,create_time,update_time
         from t_push_template
         where del_flag = 0
        <choose>
            <when test="triggerNodeName == 'addNewUser'">
                and (trigger_node_name=#{triggerNodeName} or trigger_node_name='unLoginUser')
            </when>
            <otherwise>
                and trigger_node_name=#{triggerNodeName}
            </otherwise>
        </choose>
        and temp_version=#{version}
         order by sort_no desc
    </select>

    <select id="queryAllList" resultMap="pushTemplateMap">
        select id,trigger_node_name,message_num,sort_no,min_version,platform,push_target,tags,alias,push_type,title,sub_title,
        content,sub_content,card_type,card_imgs,open_url,refresh_type,has_read,is_push_top,is_repeat,img,del_flag,create_time,update_time
        from t_push_template
        where 1 = 1
        <if test="flag == 0">
            and del_flag = 0
        </if>
    </select>


</mapper>