<?xml version="1.0" encoding="UTF-8"?>
<!DOCTYPE mapper
        PUBLIC "-//mybatis.org//DTD Mapper 3.0//EN"
        "http://mybatis.org/dtd/mybatis-3-mapper.dtd">

<mapper namespace="com.ihomefnt.push.dao.TempOrderDeliveryDao">

    <resultMap id="tempOrderDeliveryMap" type="com.ihomefnt.push.domain.po.TempOrderDeliveryPo">
        <id property="id" column="id" />
        <result property="mobile" column="mobile"/>
        <result property="userId" column="user_id" />
        <result property="orderId" column="order_id" />
        <result property="orderStatus" column="order_status" />
        <result property="status" column="status"/>
    </resultMap>

    <select id="countTempOrderDeliveryRecords" resultType="Integer">
      select count(1) from t_order_delivery_temp where status = 0
    </select>
    <select id="queryTempOrderDeliveryRecordsPage" resultMap="tempOrderDeliveryMap">
      select id,mobile,user_id,order_id,order_status,status
      from t_order_delivery_temp where status = 0
      limit #{from}, #{pageSize}
    </select>
    <update id="updateById" parameterType="Integer">
        update t_order_delivery_temp set status = 1 where id = #{id}
    </update>

    <update id="batchUpdateByIds" parameterType="java.util.List">
        update t_order_delivery_temp set status = 1 where id in
        <foreach collection="list" index="index" item="item"
                 separator="," open="(" close=")">
            #{item}
        </foreach>
    </update>

</mapper>

