<?xml version="1.0" encoding="UTF-8" ?>
<!DOCTYPE mapper PUBLIC "-//mybatis.org//DTD Mapper 3.0//EN" "http://mybatis.org/dtd/mybatis-3-mapper.dtd" >
<mapper namespace="com.ihomefnt.mobile.module.app" >
  <resultMap id="App" type="com.ihomefnt.mobile.domain.app.App" >
    <result column="id" property="id" jdbcType="BIGINT" />
    <result column="app_name" property="appName" jdbcType="VARCHAR" />
    <result column="app_id" property="appId" jdbcType="VARCHAR" />
    <result column="app_secret" property="appSecret" jdbcType="VARCHAR" />
    <result column="app_type" property="appType" jdbcType="SMALLINT" />
    <result column="bundle_id" property="bundleId" jdbcType="VARCHAR" />
    <result column="create_time" property="createTime" jdbcType="TIMESTAMP" />
    <result column="update_time" property="updateTime" jdbcType="TIMESTAMP" />
    <result column="delete_flag" property="deleteFlag" jdbcType="TINYINT" />
    <result column="account_id" property="accountId" jdbcType="BIGINT" />
  </resultMap>

  <insert id="insertAppSelective" parameterType="com.ihomefnt.mobile.domain.app.App" useGeneratedKeys="true"
          keyProperty="id">
    insert into t_app
    <trim prefix="(" suffix=")" suffixOverrides="," >
      <if test="id != null" >
        id,
      </if>
      <if test="appName != null" >
        app_name,
      </if>
      <if test="appId != null" >
        app_id,
      </if>
      <if test="appSecret != null" >
        app_secret,
      </if>
      <if test="appType != null" >
        app_type,
      </if>
      <if test="bundleId != null" >
        bundle_id,
      </if>
      <if test="createTime != null" >
        create_time,
      </if>
      <if test="updateTime != null" >
        update_time,
      </if>
      <if test="deleteFlag != null" >
        delete_flag,
      </if>
      <if test="accountId != null" >
        account_id,
      </if>
    </trim>
    <trim prefix="values (" suffix=")" suffixOverrides="," >
      <if test="id != null" >
        #{id,jdbcType=BIGINT},
      </if>
      <if test="appName != null" >
        #{appName,jdbcType=VARCHAR},
      </if>
      <if test="appId != null" >
        #{appId,jdbcType=VARCHAR},
      </if>
      <if test="appSecret != null" >
        #{appSecret,jdbcType=VARCHAR},
      </if>
      <if test="appType != null" >
        #{appType,jdbcType=SMALLINT},
      </if>
      <if test="bundleId != null" >
        #{bundleId,jdbcType=VARCHAR},
      </if>
      <if test="createTime != null" >
        #{createTime,jdbcType=TIMESTAMP},
      </if>
      <if test="updateTime != null" >
        #{updateTime,jdbcType=TIMESTAMP},
      </if>
      <if test="deleteFlag != null" >
        #{deleteFlag,jdbcType=TINYINT},
      </if>
      <if test="accountId != null" >
        #{accountId,jdbcType=BIGINT},
      </if>
    </trim>
  </insert>

  <select id="getLatestId" parameterType="String" resultType="Integer">
        select id from t_app ORDER BY id desc LIMIT 1
    </select>
</mapper>