<?xml version="1.0" encoding="UTF-8"?>
<!DOCTYPE mapper PUBLIC "-//mybatis.org//DTD Mapper 3.0//EN" "http://mybatis.org/dtd/mybatis-3-mapper.dtd">
<mapper namespace="com.ihomefnt.mobile.module.hotupdate">
    <resultMap id="AppBundleRecord" type="com.ihomefnt.mobile.domain.hotupdate.AppBundleRecord">
        <result column="id" jdbcType="BIGINT" property="id"/>
        <result column="module_code" jdbcType="VARCHAR" property="moduleCode"/>
        <result column="version_name" jdbcType="VARCHAR" property="versionName"/>
        <result column="version_code" jdbcType="INTEGER" property="versionCode"/>
        <result column="base_app_version" jdbcType="INTEGER" property="baseAppVersion"/>
        <result column="update_flag" jdbcType="TINYINT" property="updateFlag"/>
        <result column="remind_mode" jdbcType="TINYINT" property="remindMode"/>
        <result column="download_url" jdbcType="VARCHAR" property="downloadUrl"/>
        <result column="file_md5" jdbcType="VARCHAR" property="fileMd5"/>
        <result column="update_title" jdbcType="VARCHAR" property="updateTitle"/>
        <result column="create_time" jdbcType="TIMESTAMP" property="createTime"/>
        <result column="update_time" jdbcType="TIMESTAMP" property="updateTime"/>
        <result column="delete_flag" jdbcType="TINYINT" property="deleteFlag"/>
        <result column="update_desc" jdbcType="LONGVARCHAR" property="updateDesc"/>
        <result column="is_release" jdbcType="TINYINT" property="isRelease"/>
    </resultMap>

    <resultMap id="AppBundleDiff" type="com.ihomefnt.mobile.domain.hotupdate.po.AppBundleDiff">
        <result column="id" jdbcType="BIGINT" property="id"/>
        <result column="module_code" jdbcType="VARCHAR" property="moduleCode"/>
        <result column="main_bundle_version_code" jdbcType="INTEGER" property="mainBundleVersionCode"/>
        <result column="diff_bundle_version_code" jdbcType="INTEGER" property="diffBundleVersionCode"/>
        <result column="diff_version_name" jdbcType="VARCHAR" property="diffVersionName"/>
        <result column="download_url" jdbcType="VARCHAR" property="downloadUrl"/>
        <result column="file_md5" jdbcType="VARCHAR" property="fileMd5"/>
        <result column="delete_flag" jdbcType="TINYINT" property="deleteFlag"/>
        <result column="create_time" jdbcType="TIMESTAMP" property="createTime"/>
        <result column="update_time" jdbcType="TIMESTAMP" property="updateTime"/>
    </resultMap>

    <resultMap id="AppModule" type="com.ihomefnt.mobile.domain.module.AppModule">
        <result column="id" property="id" jdbcType="BIGINT"/>
        <result column="app_id" property="appId" jdbcType="VARCHAR"/>
        <result column="module_name" property="moduleName" jdbcType="VARCHAR"/>
        <result column="module_code" property="moduleCode" jdbcType="VARCHAR"/>
        <result column="module_code" property="moduleCode" jdbcType="VARCHAR"/>
        <result column="module_desc" property="moduleDesc" jdbcType="VARCHAR"/>
        <result column="module_order" property="moduleOrder" jdbcType="SMALLINT"/>
        <result column="create_time" property="createTime" jdbcType="TIMESTAMP"/>
        <result column="update_time" property="updateTime" jdbcType="TIMESTAMP"/>
        <result column="delete_flag" property="deleteFlag" jdbcType="TINYINT"/>
    </resultMap>

    <resultMap id="UpdateLog" type="com.ihomefnt.mobile.domain.hotupdate.po.UpdateLog">
        <result column="id" property="id" jdbcType="BIGINT"/>
        <result column="device_token" property="deviceToken" jdbcType="VARCHAR"/>
        <result column="os_type" property="osType" jdbcType="VARCHAR"/>
        <result column="network" property="network" jdbcType="VARCHAR"/>
        <result column="user_info" property="userInfo" jdbcType="VARCHAR"/>
        <result column="app_id" property="appId" jdbcType="VARCHAR"/>
        <result column="module_code" property="moduleCode" jdbcType="VARCHAR"/>
        <result column="type" property="type" jdbcType="VARCHAR"/>
        <result column="app_version_code" property="appVersionCode" jdbcType="INTEGER"/>
        <result column="native_bundle_version_code" property="nativeBundleVersionCode" jdbcType="INTEGER"/>
        <result column="remote_bundle_version_code" property="remoteBundleVersionCode" jdbcType="INTEGER"/>
        <result column="update_flag" property="updateFlag" jdbcType="TINYINT"/>
        <result column="result_code" property="resultCode" jdbcType="INTEGER"/>
        <result column="result_msg" property="resultMsg" jdbcType="VARCHAR"/>
        <result column="create_time" property="createTime" jdbcType="TIMESTAMP"/>
        <result column="update_time" property="updateTime" jdbcType="TIMESTAMP"/>
        <result column="delete_flag" property="deleteFlag" jdbcType="TINYINT"/>
    </resultMap>

    <insert id="insertModule" parameterType="com.ihomefnt.mobile.domain.module.AppModule">
        insert into t_app_module (app_id, module_name,
                                  module_code, module_order, module_desc)
        values (#{appId,jdbcType=VARCHAR}, #{moduleName,jdbcType=VARCHAR},
                #{moduleCode,jdbcType=VARCHAR}, #{moduleOrder,jdbcType=SMALLINT}, #{moduleDesc,jdbcType=LONGVARCHAR})
    </insert>

    <insert id="insertBundle" parameterType="com.ihomefnt.mobile.domain.hotupdate.AppBundleRecord"
            useGeneratedKeys="true" keyProperty="id">
        insert into t_app_bundle_record (module_code, version_name,
                                         version_code, base_app_version, update_flag,
                                         remind_mode, download_url, file_md5,
                                         update_title, update_desc, is_release)
        values (#{moduleCode,jdbcType=VARCHAR}, #{versionName,jdbcType=VARCHAR},
                #{versionCode,jdbcType=INTEGER}, #{baseAppVersion,jdbcType=INTEGER},
                #{updateFlag,jdbcType=TINYINT}, #{remindMode,jdbcType=TINYINT},
                #{downloadUrl,jdbcType=VARCHAR}, #{fileMd5,jdbcType=VARCHAR},
                #{updateTitle,jdbcType=VARCHAR}, #{updateDesc,jdbcType=LONGVARCHAR}, #{isRelease,jdbcType=TINYINT})
    </insert>

    <insert id="insertDiffs" parameterType="java.util.List" useGeneratedKeys="true"
            keyProperty="id">
        insert into t_app_bundle_diff (module_code, main_bundle_version_code,
        diff_bundle_version_code, diff_version_name, download_url,file_md5)
        values
        <foreach collection="list" item="item" index="index" separator=",">
            (#{item.moduleCode,jdbcType=VARCHAR}, #{item.mainBundleVersionCode,jdbcType=INTEGER},
            #{item.diffBundleVersionCode,jdbcType=INTEGER}, #{item.diffVersionName,jdbcType=VARCHAR},
            #{item.downloadUrl,jdbcType=VARCHAR}, #{item.fileMd5,jdbcType=VARCHAR})
        </foreach>
    </insert>

    <insert id="insertBasebandVersion" parameterType="com.ihomefnt.mobile.domain.hotupdate.po.AppBasebandVersionPo"
            useGeneratedKeys="true" keyProperty="id">
        insert into t_app_baseband_version (app_id, baseband_version, os_type, remark)
        values (#{appId,jdbcType=VARCHAR}, #{basebandVersion,jdbcType=INTEGER}, #{osType,jdbcType=INTEGER},
                #{remark,jdbcType=VARCHAR})
    </insert>
    <insert id="insertBasebandVersionRelation"
            parameterType="com.ihomefnt.mobile.domain.hotupdate.po.AppBasebandVersionRelationPo"
            useGeneratedKeys="true" keyProperty="id">
        insert into t_app_baseband_version_relation (baseband_id, baseband_version, app_version, remark)
        values (#{basebandId,jdbcType=INTEGER}, #{basebandVersion,jdbcType=INTEGER}, #{appVersion,jdbcType=INTEGER},
                #{remark,jdbcType=VARCHAR})
    </insert>
    <select id="countBasebandVersion" parameterType="map" resultType="java.lang.Integer">
        SELECT count(1)
        FROM t_app_baseband_version
        where delete_flag = 0
        <if test="appId != null and appId != ''">
            and app_id = #{appId}
        </if>
        <if test="appIds != null">
            and app_id in
            <foreach collection="appIds" item="id" index="index" open="(" close=")" separator=",">
                #{id}
            </foreach>
        </if>
    </select>
    <update id="deleteBasebandVersion" parameterType="map">
        update t_app_baseband_version
        set delete_flag = 1
        where delete_flag = 0
          and id = #{basebandId}
    </update>
    <update id="unbindBasebandVersionRelation" parameterType="map">
        update t_app_baseband_version_relation
        set delete_flag = 1
        where delete_flag = 0
          and baseband_id = #{basebandId}
    </update>
    <update id="unbindBasebandRelationById" parameterType="map">
        update t_app_baseband_version_relation
        set delete_flag = 1
        where delete_flag = 0
          and id = #{id}
    </update>

    <resultMap id="queryBasebandVersionPageMap" type="com.ihomefnt.mobile.domain.hotupdate.dto.BasebandVersionDto">
        <id property="id" column="id"/>
        <result property="appId" column="app_id"/>
        <result property="osType" column="os_type"/>
        <result property="basebandVersion" column="baseband_version"/>
        <result property="remark" column="remark"/>
        <result property="createTime" column="create_time"/>
        <result property="deleteFlag" column="delete_flag"/>

        <collection property="relationRecords"
                    ofType="com.ihomefnt.mobile.domain.hotupdate.po.AppBasebandVersionRelationPo"
                    javaType="java.util.ArrayList" fetchType="lazy"
                    select="queryVersionRelationByBaseband" column="{basebandId=id}">
        </collection>
    </resultMap>
    <select id="queryBasebandVersionPage" parameterType="map" resultMap="queryBasebandVersionPageMap">
        SELECT id,app_id,os_type,baseband_version,remark,create_time,delete_flag
        FROM t_app_baseband_version
        where delete_flag = 0
        <if test="appId != null and appId != ''">
            and app_id = #{appId}
        </if>
        <if test="appIds != null">
            and app_id in
            <foreach collection="appIds" item="id" index="index" open="(" close=")" separator=",">
                #{id}
            </foreach>
        </if>
        order by create_time desc
        LIMIT #{start},#{pageSize}
    </select>
    <select id="queryVersionRelationByBaseband" parameterType="map"
            resultType="com.ihomefnt.mobile.domain.hotupdate.po.AppBasebandVersionRelationPo">
        SELECT id,
               baseband_id      basebandId,
               baseband_version basebandVersion,
               app_version      appVersion,
               remark,
               create_time      createTime,
               delete_flag      deleteFlag
        from t_app_baseband_version_relation
        where delete_flag = 0
          and baseband_id = #{basebandId}
    </select>
    <select id="queryBundleListByParams" parameterType="map" resultMap="MyDeptStep">
        SELECT b.base_app_version,b.module_code,b.is_release FROM t_app_version r, t_app_bundle_record b
        where r.base_app_version = b.base_app_version
        and b.delete_flag = 0
        and r.version_comment = #{appVersion} and r.del_flag = 0
        <if test="isWhiteMobile == false">
            and b.is_release = 1
        </if>
        and b.module_code in
        <foreach collection="moduleCodes" item="moduleCode" index="index" open="(" separator="," close=")">
            #{moduleCode}
        </foreach>
        GROUP BY b.module_code
        order by b.base_app_version desc
    </select>

    <select id="getBundleRecordById" parameterType="map" resultMap="AppBundleRecord">
        select *
        from t_app_bundle_record
        where id = #{id}
          AND delete_flag = 0
    </select>
    <update id="updateAppBundleReleaseStatus" parameterType="map">
        update t_app_bundle_record
        set is_release = #{isRelease}
        where id = #{bundleRecordId}
          AND delete_flag = 0
    </update>
    <update id="updateBundleRecordById" parameterType="com.ihomefnt.mobile.domain.hotupdate.AppBundleRecord">
        update t_app_bundle_record
        <set>
            <if test="moduleCode != null">
                module_code = #{moduleCode},
            </if>
            <if test="versionName != null">
                version_name = #{versionName},
            </if>
            <if test="versionCode != null">
                version_code = #{versionCode},
            </if>
            <if test="baseAppVersion != null">
                base_app_version = #{baseAppVersion},
            </if>
            <if test="updateFlag != null">
                update_flag = #{updateFlag},
            </if>
            <if test="remindMode != null">
                remind_mode = #{remindMode},
            </if>
            <if test="downloadUrl != null">
                download_url = #{downloadUrl},
            </if>
            <if test="fileMd5 != null">
                file_md5 = #{fileMd5},
            </if>
            <if test="updateTitle != null">
                update_title = #{updateTitle},
            </if>
            <if test="updateDesc != null">
                update_desc = #{updateDesc},
            </if>
            <if test="isRelease != null">
                is_release = #{isRelease},
            </if>
            update_time = now()
        </set>
        where id = #{id}
        AND delete_flag = 0
    </update>
    <update id="updateBundleRecordDeleteFlag" parameterType="map">
        update t_app_bundle_record
        <set>
            delete_flag = #{deleteFlag}
        </set>
        where id = #{bundleRecordId}
        AND delete_flag = 0
    </update>


    <select id="getLatestBundleByModuleCodes" parameterType="map" resultMap="AppBundleRecord">
        select * from (select * from t_app_bundle_record
        where base_app_version = #{baseAppVersion}
        AND update_flag != 3
        AND delete_flag = 0
        order by version_code desc)
        as testmap
        where module_code in
        <foreach collection="moduleCodes" item="moduleCode" index="index" open="(" separator="," close=")">
            #{moduleCode}
        </foreach>
        group by module_code
    </select>

    <select id="getLatestBundleByModuleCodesWithoutFilter" parameterType="map" resultMap="AppBundleRecord">
        select * from (select * from t_app_bundle_record
        where base_app_version = #{baseAppVersion}
        AND delete_flag = 0
        order by version_code desc)
        as testmap
        where module_code in
        <foreach collection="moduleCodes" item="moduleCode" index="index" open="(" separator="," close=")">
            #{moduleCode}
        </foreach>
        group by module_code
    </select>

    <resultMap type="com.ihomefnt.mobile.domain.hotupdate.po.AppBundleRecordList" id="MyDeptStep">
        <result column="base_app_version" property="baseAppVersion"/>
        <result column="module_code" property="moduleCode"/>
    </resultMap>
    <select id="getBundleListByModuleCodes" parameterType="map" resultMap="MyDeptStep">
        select base_app_version,module_code
        from t_app_bundle_record
        where base_app_version = #{baseAppVersion}
        AND delete_flag = 0
        and module_code in
        <foreach collection="moduleCodes" item="moduleCode" index="index" open="(" separator="," close=")">
            #{moduleCode}
        </foreach>
        group by module_code
    </select>
    <select id="getAppBundleRecord" parameterType="map" resultMap="AppBundleRecord">
        select
        *
        from t_app_bundle_record
        where base_app_version = #{baseAppVersion}
        and module_code = #{moduleCode}
        <if test="isWhiteMobile == false">
            and is_release = 1
        </if>
        AND delete_flag = 0
        order by module_code,version_code desc
    </select>


    <select id="getLatestBundleDiff" resultMap="AppBundleDiff">
        select * from t_app_bundle_diff
        where (module_code,main_bundle_version_code,diff_bundle_version_code) in
        <foreach collection="list" item="item" index="index" open="(" separator="," close=")">
            (#{item.moduleCode},#{item.mainBundleVersionCode},#{item.diffBundleVersionCode})
        </foreach>
        AND delete_flag = 0
    </select>

    <select id="getNeedDiffBundle" parameterType="com.ihomefnt.mobile.domain.hotupdate.AppBundleRecord"
            resultMap="AppBundleRecord">
        select *
        from t_app_bundle_record
        where module_code = #{moduleCode}
          AND base_app_version = #{baseAppVersion}
          AND version_code &lt; #{versionCode}
          AND delete_flag = 0
    </select>

    <select id="getLastModuleId" parameterType="String" resultType="Integer">
        select id
        from t_app_module
        ORDER BY id desc
        LIMIT 1
    </select>

    <select id="getModuleByAppId" parameterType="map" resultMap="AppModule">
        select *
        from t_app_module
        where app_id = #{appId}
          AND delete_flag = 0
        LIMIT #{start},#{pageSize}
    </select>

    <select id="queryBundleRecordByParams" parameterType="map" resultMap="AppBundleRecord">
        select r.*
        from t_app_bundle_record r,
             t_app_module m
        where m.module_code = r.module_code
          AND r.delete_flag = 0
          AND m.delete_flag = 0
          <if test="basebandVersion != null">
              AND r.base_app_version = #{basebandVersion}
          </if>
          <if test="moduleCode != null">
              AND r.module_code = #{moduleCode}
          </if>
          <if test="appId != null">
              AND m.app_id = #{appId}
          </if>
        order by r.version_code desc,r.id desc
        LIMIT #{start},#{pageSize}
    </select>
    <select id="countBundleRecordByParams" parameterType="map" resultType="Integer">
        select count(1)
        from t_app_bundle_record r,
             t_app_module m
        where m.module_code = r.module_code
          AND r.delete_flag = 0
          AND m.delete_flag = 0
            <if test="basebandVersion != null">
                AND r.base_app_version = #{basebandVersion}
            </if>
            <if test="moduleCode != null">
                AND r.module_code = #{moduleCode}
            </if>
            <if test="appId != null">
                AND m.app_id = #{appId}
            </if>
    </select>

    <select id="getUpBundleRecordByVersion" parameterType="map" resultMap="AppBundleRecord">
        select *
        from t_app_bundle_record
        where module_code = #{moduleCode}
          AND version_code &gt; #{lowVersion}
          AND version_code &lt;= #{highVersion}
          AND delete_flag = 0
    </select>

    <select id="getModuleByCodes" parameterType="map" resultMap="AppModule">
        select * from t_app_module
        where module_code in
        <foreach collection="list" item="moduleCode" index="index" open="(" separator="," close=")">
            #{moduleCode}
        </foreach>
        AND delete_flag = 0
    </select>

    <insert id="insertUpdateLogSelective" parameterType="com.ihomefnt.mobile.domain.hotupdate.po.UpdateLog"
            useGeneratedKeys="true"
            keyProperty="id">
        insert into t_app_update_log
        <trim prefix="(" suffix=")" suffixOverrides=",">
            <if test="id != null">
                id,
            </if>
            <if test="deviceToken != null">
                device_token,
            </if>
            <if test="osType != null">
                os_type,
            </if>
            <if test="network != null">
                network,
            </if>
            <if test="userInfo != null">
                user_info,
            </if>
            <if test="appId != null">
                app_id,
            </if>
            <if test="moduleCode != null">
                module_code,
            </if>
            <if test="type != null">
                type,
            </if>
            <if test="appVersionCode != null">
                app_version_code,
            </if>
            <if test="nativeBundleVersionCode != null">
                native_bundle_version_code,
            </if>
            <if test="remoteBundleVersionCode != null">
                remote_bundle_version_code,
            </if>
            <if test="updateFlag != null">
                update_flag,
            </if>
            <if test="resultCode != null">
                result_code,
            </if>
            <if test="resultMsg != null">
                result_msg,
            </if>
            <if test="createTime != null">
                create_time,
            </if>
            <if test="updateTime != null">
                update_time,
            </if>
            <if test="deleteFlag != null">
                delete_flag,
            </if>
            <if test="stackLog != null">
                stack_log,
            </if>
        </trim>
        <trim prefix="values (" suffix=")" suffixOverrides=",">
            <if test="id != null">
                #{id,jdbcType=BIGINT},
            </if>
            <if test="deviceToken != null">
                #{deviceToken,jdbcType=VARCHAR},
            </if>
            <if test="osType != null">
                #{osType,jdbcType=VARCHAR},
            </if>
            <if test="network != null">
                #{network,jdbcType=VARCHAR},
            </if>
            <if test="userInfo != null">
                #{userInfo,jdbcType=VARCHAR},
            </if>
            <if test="appId != null">
                #{appId,jdbcType=VARCHAR},
            </if>
            <if test="moduleCode != null">
                #{moduleCode,jdbcType=VARCHAR},
            </if>
            <if test="type != null">
                #{type,jdbcType=VARCHAR},
            </if>
            <if test="appVersionCode != null">
                #{appVersionCode,jdbcType=INTEGER},
            </if>
            <if test="nativeBundleVersionCode != null">
                #{nativeBundleVersionCode,jdbcType=INTEGER},
            </if>
            <if test="remoteBundleVersionCode != null">
                #{remoteBundleVersionCode,jdbcType=INTEGER},
            </if>
            <if test="updateFlag != null">
                #{updateFlag,jdbcType=TINYINT},
            </if>
            <if test="resultCode != null">
                #{resultCode,jdbcType=INTEGER},
            </if>
            <if test="resultMsg != null">
                #{resultMsg,jdbcType=VARCHAR},
            </if>
            <if test="createTime != null">
                #{createTime,jdbcType=TIMESTAMP},
            </if>
            <if test="updateTime != null">
                #{updateTime,jdbcType=TIMESTAMP},
            </if>
            <if test="deleteFlag != null">
                #{deleteFlag,jdbcType=TINYINT},
            </if>
            <if test="stackLog != null">
                #{stackLog,jdbcType=LONGVARCHAR},
            </if>
        </trim>
    </insert>

</mapper>