<?xml version="1.0" encoding="UTF-8" ?>
<!DOCTYPE generatorConfiguration PUBLIC "-//mybatis.org//DTD MyBatis Generator Configuration 1.0//EN" "http://mybatis.org/dtd/mybatis-generator-config_1_0.dtd" >
<generatorConfiguration>
	<!-- 数据库驱动包位置 -->
	<classPathEntry
		location="/Users/xiamingyu/coding/working/maven/mysql/mysql-connector-java/6.0.6/mysql-connector-java-6.0.6.jar" />
	<context id="context1">
	  	<commentGenerator>
	    	<!-- 是否去除自动生成的注释 true：是 ： false:否 -->
	    	<property name="suppressAllComments" value="true"/>
 	 	</commentGenerator>
		<!-- 数据库链接URL、用户名、密码 -->
		<jdbcConnection driverClass="com.mysql.jdbc.Driver"
			connectionURL="jdbc:mysql://192.168.1.12:3306/mobile_base?useSSL=false&amp;nullNamePatternMatchesAll=true" userId="root" password="aijia1234567" />
		<!-- 生成模型的包名和位置 -->
		<javaModelGenerator targetPackage="com.ihomefnt.mobile.module.app.domain.po" targetProject="./src/main/java" />
		<!-- 生成的映射文件报名和位置 -->
		<sqlMapGenerator targetPackage="mapper" targetProject="./src/main/resources" />
		<!-- 生成DAO的包名和位置 -->
		<!--<javaClientGenerator targetPackage="com.ihomefnt.mobile.module.hotupdate.repository" targetProject="mobile-api/src/main/java" type="XMLMAPPER" />-->
		<!-- 要生成的那些表(更改tableName 和domainObjectName 就可以了) -->
		<table tableName="t_app_module" domainObjectName="App" enableCountByExample="false" enableUpdateByExample="false"
			enableDeleteByExample="false" enableSelectByExample="false" selectByExampleQueryId="true" enableUpdateByPrimaryKey="true"
			enableSelectByPrimaryKey="true">
		</table>
	</context>
</generatorConfiguration>
